{"cameraMode":{"drawMode":0,"name":"Shaded","section":"Shading Mode"},"sceneLighting":false,"audioPlay":false,"sceneViewState":{"m_AlwaysRefresh":false,"showFog":true,"showSkybox":false,"showFlares":true,"showImageEffects":true,"showParticleSystems":true,"showVisualEffectGraphs":true,"m_FxEnabled":true},"in2DMode":false,"pivot":{"x":0.3799999952316284,"y":-0.23101651668548585,"z":0.21489444375038148},"rotation":{"x":-0.021444831043481828,"y":0.9785366058349609,"z":-0.1482010930776596,"w":-0.14159061014652253},"size":0.4330126941204071,"orthographic":false}